DATE,COLLISION_LOCATION,COLLISION_SEVERITY,COMM_NAME,COMM_CODE,LATITUDE,LONGITUDE,POINT,4a3i-ccfj,4b54-tmc4,p8tp-5dkv,kxmf-bzkv
2016/05/04,398 MARTINDALE BV NE,INJURY,MARTINDALE,MRT,51.1135980007518,-113.967435000123,POINT (-113.967435000123 51.1135980007518),4,9,1,180
2011/07/01,9800 MACLEOD         TRS 500  SOUTHLAND       DRSW,INJURY,ACADIA,ACA,50.9649760173953,-114.071622300775,POINT (-114.071622300775 50.9649760173953),1,8,5,7
2012/10/11,4400 MEMORIAL        DRE 100  44              STNE,INJURY,MARLBOROUGH,MRL,51.0527794185566,-113.970033228998,POINT (-113.970033228998 51.0527794185566),3,12,11,194
2009/07/25,433   MARTINDALE      DRNE,INJURY,MARTINDALE,MRT,51.1220755706075,-113.952857992932,POINT (-113.952857992932 51.1220755706075),4,9,1,180
2015/03/10,8300 FAIRMOUNT       DRSE300  HERITAGE        DRSE,INJURY,ACADIA,ACA,50.9795191781962,-114.059938863157,POINT (-114.05993886315702 50.979519178196206),3,10,5,174
2016/12/17,MACLEOD TR SE & 94 AV SE,INJURY,ACADIA,ACA,50.9686598003459,-114.071724600111,POINT (-114.071724600111 50.9686598003459),1,8,5,195
2015/11/04,3400 23              AVSW2200 33              STSW,PROPERTY DAMAGE ONLY,KILLARNEY/GLENGARRY,KIL,51.0331071029285,-114.135484855659,POINT (-114.135484855659 51.0331071029285),1,14,2,182
2014/09/18,2800 17              AVSW1700 27              STSW,INJURY,KILLARNEY/GLENGARRY,KIL,51.0377647040731,-114.126658170681,POINT (-114.126658170681 51.0377647040731),1,14,2,182
2017/05/10,8 AV NE & EDMONTON TR NE,INJURY,RENFREW,REN,51.0597400005933,-114.054389999869,POINT (-114.054389999869 51.0597400005933),4,7,7,266
2009/07/17,MARTIN CROSSING DRNE     MARTIN CROSSING GRNE,INJURY,MARTINDALE,MRT,51.1177967123753,-113.959100873304,POINT (-113.959100873304 51.1177967123753),4,9,1,180
2011/06/15,8300 BONAVENTURE     DRSE200  HERITAGE        DRSE,INJURY,ACADIA,ACA,50.9795147894707,-114.067956339057,POINT (-114.067956339057 50.9795147894707),3,10,5,174
2014/02/04,3900 MEMORIAL        DRE 300  39              STNE,PROPERTY DAMAGE ONLY,MARLBOROUGH,MRL,51.0526011901446,-113.976936657202,POINT (-113.976936657202 51.0526011901446),4,12,11,194
2015/10/23,METIS           TRNE     80              AVNE,PROPERTY DAMAGE ONLY,MARTINDALE,MRT,51.1251436195837,-113.969988442765,POINT (-113.969988442765 51.1251436195837),4,11,1,74
2009/06/27,3700 RICHMOND        RDSW3400 37              STSW,INJURY,KILLARNEY/GLENGARRY,KIL,51.0221437668122,-114.141230234641,POINT (-114.141230234641 51.0221437668122),1,1,14,142
2014/05/10,COPPERSTONE     CVSE     MCIVOR          BVSE,INJURY,COPPERFIELD,CPF,50.9143670426739,-113.937758690334,POINT (-113.93775869033401 50.9143670426739),3,4,8,139
2015/06/19,4800 NORTHLAND       DRNW1500 NORTHMOUNT      DRNW,INJURY,BRENTWOOD,BRE,51.0959742261807,-114.14130766887,POINT (-114.14130766887 51.09597422618071),2,7,4,50
2016/10/28,16 AV NE & RUSSET RD NE,INJURY,RENFREW,REN,51.0668969009113,-114.042468099815,POINT (-114.042468099815 51.0668969009113),4,10,11,171
2016/02/29,MARLBOROUGH WY NE & MARLBOROUGH DR NE,INJURY,MARLBOROUGH,MRL,51.0595559006127,-113.975102300465,POINT (-113.975102300465 51.0595559006127),4,12,3,77
2009/09/30,3400 26              AVSW2600 33              STSW,INJURY,KILLARNEY/GLENGARRY,KIL,51.0300503593166,-114.135495745367,POINT (-114.135495745367 51.030050359316604),1,14,2,182
2015/12/09,500  ACADIA          DRSE600  97              AVSE,INJURY,ACADIA,ACA,50.9660667171698,-114.048432670609,POINT (-114.048432670609 50.9660667171698),3,10,5,174
2010/12/17,2700 17              AVSW1700 26              STSW,INJURY,KILLARNEY/GLENGARRY,KIL,51.0377589360528,-114.12364961286,POINT (-114.12364961286002 51.0377589360528),1,14,2,182
2017/08/25,32 ST SE & 17 AV SE,INJURY,KILLARNEY/GLENGARRY,KIL,51.0378088364059,-114.134083063216,POINT (-114.13408306321601 51.0378088364059),1,14,2,198
2008/12/08,600  16              AVNE1700 6               STNE,PROPERTY DAMAGE ONLY,RENFREW,REN,51.066882800523,-114.048331449757,POINT (-114.048331449757 51.066882800523),4,10,11,171
2012/08/20,9800 MACLEOD         TRS 500  SOUTHLAND       DRSW,INJURY,ACADIA,ACA,50.9649760173953,-114.071622300775,POINT (-114.071622300775 50.9649760173953),1,8,5,7
2013/10/31,8600 MACLEOD         TRS 300  86              AVSW,INJURY,ACADIA,ACA,50.9758717221309,-114.071610580612,POINT (-114.071610580612 50.9758717221309),1,8,5,195
2011/02/21,171   MIDGLEN         PLSE,INJURY,MIDNAPORE,MID,50.9154174117406,-114.049005807435,POINT (-114.04900580743501 50.9154174117406),3,6,13,263
2015/01/03,154   MARWOOD         CINE,INJURY,MARLBOROUGH,MRL,51.0539305905936,-113.97200084244,POINT (-113.97200084244 51.0539305905936),4,12,3,77
2014/05/02,9700 ACADEMY         DRSE9800 7               STSE,PROPERTY DAMAGE ONLY,ACADIA,ACA,50.9668501460024,-114.045159028439,POINT (-114.045159028439 50.9668501460024),3,10,5,174
2015/04/06,4400 MEMORIAL        DRE 100  44              STNE,INJURY,MARLBOROUGH,MRL,51.0527794185566,-113.970033228998,POINT (-113.970033228998 51.0527794185566),3,12,11,194
2015/04/06,500   MARLBOROUGH     WYNE,INJURY,MARLBOROUGH,MRL,51.0562519008974,-113.9768985999,POINT (-113.9768985999 51.0562519008974),4,12,3,77
2015/08/18,5200 MEMORIAL        DRE 100  52              STNE,INJURY,MARLBOROUGH,MRL,51.0533052849574,-113.955769629259,POINT (-113.955769629259 51.0533052849574),3,12,11,194
2015/06/03,7712  RANCHVIEW       DRNW,INJURY,RANCHLANDS,RAN,51.1202484581203,-114.179076853453,POINT (-114.179076853453 51.1202484581203),2,3,10,245
2012/06/05,600  16              AVNE1700 5               STNE,INJURY,RENFREW,REN,51.0669401561023,-114.050449703755,POINT (-114.050449703755 51.066940156102305),4,10,11,171
2017/11/07,3604 52 AV NW,INJURY,BRENTWOOD,BRE,51.1010200000961,-114.141379999453,POINT (-114.141379999453 51.1010200000961),2,7,4,50
2010/09/06,3630  BRENTWOOD       RDNW,INJURY,BRENTWOOD,BRE,51.0849872264965,-114.127058274513,POINT (-114.127058274513 51.0849872264965),2,7,4,50
2016/10/03,90 AV SE & FAIRMOUNT DR SE,PROPERTY DAMAGE ONLY,ACADIA,ACA,50.9722360003206,-114.059120499813,POINT (-114.059120499813 50.972236000320606),3,10,5,174
2016/12/08,JOHN LAURIE BV NW & SARCEE TR NW,INJURY,RANCHLANDS,RAN,51.1208228001246,-114.166838399557,POINT (-114.166838399557 51.12082280012461),2,3,10,245
2008/05/24,800  EDMONTON        TRNE400  7               AVNE,INJURY,RENFREW,REN,51.0585959742642,-114.054320684475,POINT (-114.054320684475 51.0585959742642),4,7,7,266
2013/02/02,3800 26              AVSW2600 37              STSW,INJURY,KILLARNEY/GLENGARRY,KIL,51.0299899762139,-114.141121187549,POINT (-114.141121187549 51.0299899762139),1,1,14,298
2008/06/14,8600 BONAVENTURE     DRSE200  86              AVSE,INJURY,ACADIA,ACA,50.9759096584811,-114.068556501145,POINT (-114.068556501145 50.97590965848111),3,10,5,174
2008/06/08,15500MACLEOD         TRS 100  MIDLAKE         BVSW,INJURY,MIDNAPORE,MID,50.9158374704104,-114.068854009909,POINT (-114.068854009909 50.9158374704104),3,5,13,263
2014/07/31,500  16              AVNE1700 4               STNE,INJURY,RENFREW,REN,51.066938909314,-114.05326039017,POINT (-114.05326039017 51.066938909314),4,10,11,171
2008/07/07,3800 MARBANK         DRNE900  36              STNE,INJURY,MARLBOROUGH,MRL,51.0626542293946,-113.981459290672,POINT (-113.98145929067202 51.0626542293946),4,12,3,77
2013/10/24,9000 MACLEOD         TRS 100  90              AVSW,INJURY,ACADIA,ACA,50.9722218315065,-114.071633444537,POINT (-114.071633444537 50.9722218315065),1,8,5,195
2009/09/17,300  MARTINDALE      BVNE100  MARTINVIEW      CLNE,INJURY,MARTINDALE,MRT,51.1124884610161,-113.963665254453,POINT (-113.963665254453 51.1124884610161),4,9,1,180
2017/10/04,3812 Marbank DR NE,PROPERTY DAMAGE ONLY,MARLBOROUGH,MRL,51.0626000005547,-113.980849999393,POINT (-113.98084999939302 51.0626000005547),4,12,3,77
2012/05/10,9000 MACLEOD         TRS 100  90              AVSW,INJURY,ACADIA,ACA,50.9722218315065,-114.071633444537,POINT (-114.071633444537 50.9722218315065),1,8,5,195
2011/03/07,9100 FAIRMOUNT       DRSE300  90              AVSE,INJURY,ACADIA,ACA,50.9722018302634,-114.059189047102,POINT (-114.059189047102 50.9722018302634),3,10,5,174
2012/10/05,3600 MEMORIAL        DRE 400  36              STNE,INJURY,MARLBOROUGH,MRL,51.0520446658819,-113.981672207353,POINT (-113.981672207353 51.0520446658819),3,12,11,194
2012/05/09,3900 MEMORIAL        DRE 300  39              STNE,INJURY,MARLBOROUGH,MRL,51.0526011901446,-113.976936657202,POINT (-113.976936657202 51.0526011901446),4,12,11,194
2012/01/30,3900 MEMORIAL        DRE 300  39              STNE,PROPERTY DAMAGE ONLY,MARLBOROUGH,MRL,51.0526011901446,-113.976936657202,POINT (-113.976936657202 51.0526011901446),4,12,11,194
2009/02/14,2   412   10              AVNE,PROPERTY DAMAGE ONLY,RENFREW,REN,51.0615132625143,-114.054585839766,POINT (-114.054585839766 51.0615132625143),4,10,11,171
2012/03/07,15500MACLEOD         TRS 100  MIDLAKE         BVSW,INJURY,MIDNAPORE,MID,50.9133314580985,-114.067589726077,POINT (-114.067589726077 50.913331458098504),3,5,6,115
2009/08/29,6500 MARTINGROVE     DRNE5400 64              AVNE,INJURY,MARTINDALE,MRT,51.1105501032915,-113.952116229193,POINT (-113.95211622919301 51.1105501032915),4,9,1,119
2017/10/02,53 AV NW & 33 ST NW,PROPERTY DAMAGE ONLY,BRENTWOOD,BRE,51.1009386401871,-114.135862647084,POINT (-114.135862647084 51.1009386401871),2,7,4,50
2017/02/14,HERITAGE DR SE & FAIRMOUNT DR SE,INJURY,ACADIA,ACA,50.979520300575,-114.059944999472,POINT (-114.059944999472 50.979520300575004),3,10,5,174
2015/05/11,3600 MEMORIAL        DRE 400  36              STNE,PROPERTY DAMAGE ONLY,MARLBOROUGH,MRL,51.0520446658819,-113.981672207353,POINT (-113.981672207353 51.0520446658819),3,12,11,194
2013/10/15,3800 26              AVSW2600 37              STSW,INJURY,KILLARNEY/GLENGARRY,KIL,51.0299899762139,-114.141121187549,POINT (-114.141121187549 51.0299899762139),1,1,14,298
2017/08/03,& 4099x crowchild TR NW,INJURY,BRENTWOOD,BRE,51.0865300001797,-114.130329999773,POINT (-114.13032999977301 51.0865300001797),2,7,4,50
2009/08/14,400  MIDLAKE         BVSE0    SUNMILLS        DRSE,PROPERTY DAMAGE ONLY,MIDNAPORE,MID,50.9066661569942,-114.047462309494,POINT (-114.047462309494 50.9066661569942),3,6,13,263
2009/06/26,3630  BRENTWOOD       RDNW,INJURY,BRENTWOOD,BRE,51.0849585391088,-114.127237223581,POINT (-114.12723722358102 51.0849585391088),2,7,4,50
2013/02/28,500   MARTINDALE      BVNE,INJURY,MARTINDALE,MRT,51.1155894845472,-113.967150416913,POINT (-113.967150416913 51.1155894845472),4,9,1,180
2011/10/20,3000 26              AVSW2600 29              STSW,INJURY,KILLARNEY/GLENGARRY,KIL,51.030003349763,-114.129573775174,POINT (-114.129573775174 51.030003349763),1,14,2,182
2009/08/06,900  EDMONTON        TRNE400  8               AVNE,INJURY,RENFREW,REN,51.0597360053278,-114.054355724383,POINT (-114.054355724383 51.0597360053278),4,7,7,171
2011/03/17,3700 23              AVSW2200 37              STSW,INJURY,KILLARNEY/GLENGARRY,KIL,51.0331092733934,-114.141244717489,POINT (-114.14124471748902 51.03310927339341),1,1,14,41
2015/08/20,3900 MEMORIAL        DRE 300  39              STNE,INJURY,MARLBOROUGH,MRL,51.0526011901446,-113.976936657202,POINT (-113.976936657202 51.0526011901446),4,12,11,194
2014/05/30,3900 MARLBOROUGH     DRNE700  MARLBOROUGH     WYNE,INJURY,MARLBOROUGH,MRL,51.0594599649468,-113.975093045334,POINT (-113.975093045334 51.0594599649468),4,12,3,77
2017/09/08,416 A Heritage DR SE,INJURY,ACADIA,ACA,50.9795900002614,-114.059799999627,POINT (-114.059799999627 50.9795900002614),3,10,11,284
2010/05/30,8300 FAIRMOUNT       DRSE300  HERITAGE        DRSE,INJURY,ACADIA,ACA,50.9795101984874,-114.059941904789,POINT (-114.059941904789 50.9795101984874),3,10,5,174
2016/02/22,33 ST SW & 17 AV SW,INJURY,KILLARNEY/GLENGARRY,KIL,51.0378080005907,-114.135479000256,POINT (-114.135479000256 51.0378080005907),1,14,2,281
2012/01/10,3800 17              AVSW1700 37              STSW,INJURY,KILLARNEY/GLENGARRY,KIL,51.0377571137059,-114.141130521211,POINT (-114.141130521211 51.0377571137059),1,14,2,182
2009/11/06,200  MARTINDALE      BVNE0    MARTINVIEW      RDNE,INJURY,MARTINDALE,MRT,51.1132844762347,-113.961594326845,POINT (-113.96159432684502 51.1132844762347),4,9,1,180
2010/10/14,2700 17              AVSW1700 26              STSW,PROPERTY DAMAGE ONLY,KILLARNEY/GLENGARRY,KIL,51.0378078112408,-114.123648173081,POINT (-114.123648173081 51.0378078112408),1,14,2,198
2016/01/21,MADIGAN DR NE & 52 ST NE,INJURY,MARLBOROUGH,MRL,51.0621655006616,-113.958336199854,POINT (-113.958336199854 51.0621655006616),4,12,3,33
2014/09/27,9000 MACLEOD         TRS 100  90              AVSW,INJURY,ACADIA,ACA,50.9722218315065,-114.071633444537,POINT (-114.071633444537 50.9722218315065),1,8,5,195
2015/09/14,300  MARTINDALE      BVNE0    MARTINDALE      GANE,INJURY,MARTINDALE,MRT,51.1124246047463,-113.965310353522,POINT (-113.965310353522 51.1124246047463),4,9,1,180
2009/12/17,200  ALLAN           CRSE200  94              AVSE,INJURY,ACADIA,ACA,50.9686323283531,-114.067920858418,POINT (-114.067920858418 50.9686323283531),3,10,5,174
2011/11/22,3900 MARLBOROUGH     DRNE700  MARLBOROUGH     WYNE,PROPERTY DAMAGE ONLY,MARLBOROUGH,MRL,51.0594599649468,-113.975093045334,POINT (-113.975093045334 51.0594599649468),4,12,3,77
2008/04/29,600  ACADIA          DRSE600  SOUTHLAND       DRSE,INJURY,ACADIA,ACA,50.9639865326906,-114.048428056283,POINT (-114.048428056283 50.9639865326906),3,6,5,89
2017/08/23,old banff coach RD SW & patterson BV SW,INJURY,COACH HILL,COA,51.0600000006003,-114.180049999625,POINT (-114.180049999625 51.0600000006003),1,1,14,189
2008/09/10,600  MIDRIDGE        DRSE300  MIDRIDGE        RDSE,INJURY,MIDNAPORE,MID,50.9183750142182,-114.055024993049,POINT (-114.055024993049 50.9183750142182),3,6,13,263
2008/05/15,3800 30              AVSW3000 37              STSW,INJURY,KILLARNEY/GLENGARRY,KIL,51.0268974915551,-114.141126052422,POINT (-114.14112605242201 51.0268974915551),1,1,14,298
2016/05/05,4820 NORTHLAND DR NW,PROPERTY DAMAGE ONLY,BRENTWOOD,BRE,51.0958026006169,-114.140734800187,POINT (-114.14073480018702 51.0958026006169),2,7,4,50
2016/03/18,3800 MEMORIAL DR NE,PROPERTY DAMAGE ONLY,MARLBOROUGH,MRL,51.0526139002913,-113.979312100129,POINT (-113.979312100129 51.0526139002913),4,12,3,77
2008/09/13,9900 FAIRMOUNT       DRSE400  SOUTHLAND       DRSE,INJURY,ACADIA,ACA,50.9640123311953,-114.058680383777,POINT (-114.058680383777 50.9640123311953),3,6,5,89
2010/04/21,100  MARTINDALE      BVNE100  MARTINDALE      DRNE,PROPERTY DAMAGE ONLY,MARTINDALE,MRT,51.1211391421751,-113.954000171547,POINT (-113.954000171547 51.1211391421751),4,9,1,180
2016/10/31,36 ST NE & 12 AV NE,PROPERTY DAMAGE ONLY,MARLBOROUGH,MRL,51.0626358002547,-113.981899399486,POINT (-113.981899399486 51.0626358002547),4,12,3,84
2012/01/17,6000 FALCONRIDGE     BVNE5600 64              AVNE,INJURY,MARTINDALE,MRT,51.1105659354762,-113.947132185938,POINT (-113.947132185938 51.1105659354762),4,9,1,119
2011/02/13,3700 RICHMOND        RDSW3400 37              STSW,INJURY,KILLARNEY/GLENGARRY,KIL,51.0224115440272,-114.14116944763,POINT (-114.14116944763 51.02241154402721),1,1,14,142
2017/11/18,Edmonton TR NE & 16 AV NE,INJURY,RENFREW,REN,51.0670200006693,-114.056179999684,POINT (-114.056179999684 51.0670200006693),4,10,7,69
2008/01/22,2700 17              AVSW1700 26              STSW,INJURY,KILLARNEY/GLENGARRY,KIL,51.0378078112408,-114.123648173081,POINT (-114.123648173081 51.0378078112408),1,14,2,198
2012/01/06,5132  BRISEBOIS       DRNW,INJURY,BRENTWOOD,BRE,51.0988483451598,-114.127924344547,POINT (-114.12792434454701 51.0988483451598),2,7,4,125
2015/11/04,100  MARTINDALE      BVNE100  MARTINDALE      DRNE,INJURY,MARTINDALE,MRT,51.1142990037724,-113.952669353915,POINT (-113.952669353915 51.1142990037724),4,9,1,180
2017/08/25,37 ST SW & 26 AV SW,PROPERTY DAMAGE ONLY,KILLARNEY/GLENGARRY,KIL,51.0300560002667,-114.141183999553,POINT (-114.141183999553 51.030056000266704),1,1,14,41
2010/12/21,100  BRANTFORD       CRNW1200 NORTHMOUNT      DRNW,INJURY,BRENTWOOD,BRE,51.0894999319656,-114.118605921638,POINT (-114.118605921638 51.0894999319656),2,7,4,50
2017/04/18,BRENTWOOD RD NW & CROWCHILD TR NW,INJURY,BRENTWOOD,BRE,51.0902098007824,-114.135890199985,POINT (-114.135890199985 51.0902098007824),2,7,4,50
2014/12/10,3400 17              AVSW1700 33              STSW,INJURY,KILLARNEY/GLENGARRY,KIL,51.0377638616919,-114.135427143142,POINT (-114.13542714314201 51.0377638616919),1,14,2,182
2016/08/15,EDMT TR NE & 16 AV NE,INJURY,RENFREW,REN,51.0665322654266,-114.05626593062,POINT (-114.05626593062 51.0665322654266),4,7,7,266
2015/10/11,3300 26              AVSW2600 32              STSW,INJURY,KILLARNEY/GLENGARRY,KIL,51.0300162476257,-114.134078744528,POINT (-114.134078744528 51.0300162476257),1,14,2,182
2013/01/24,400  MIDPARK         BVSE0    SUN VALLEY      BVSE,INJURY,MIDNAPORE,MID,50.9065774908363,-114.055295267073,POINT (-114.055295267073 50.9065774908363),3,6,13,52
2015/10/26,600  SOUTHLAND       DRSE9800 5               STSE,INJURY,ACADIA,ACA,50.9640153610131,-114.05230270316,POINT (-114.05230270316 50.9640153610131),3,6,5,89
2008/01/28,0    MARTINDALE      GANE5000 64              AVNE,INJURY,MARTINDALE,MRT,51.1106808546714,-113.965807636553,POINT (-113.96580763655301 51.1106808546714),4,9,1,180
2017/11/22,2 Copperstone CI SE,INJURY,COPPERFIELD,CPF,50.9162400004706,-113.931439999335,POINT (-113.931439999335 50.9162400004706),3,4,8,96
2013/03/01,FALCONRIDGE     BVNE     SADDLETOWNE     CINE,INJURY,MARTINDALE,MRT,51.1214109648021,-113.946474928773,POINT (-113.946474928773 51.1214109648021),4,11,1,2
2016/09/18,37 ST SW & 26 AV SW,INJURY,KILLARNEY/GLENGARRY,KIL,51.0300560002667,-114.141183999553,POINT (-114.141183999553 51.030056000266704),1,1,14,41
2015/07/19,9040  MACLEOD         TRS,INJURY,ACADIA,ACA,50.9724828586804,-114.071107021865,POINT (-114.071107021865 50.97248285868041),3,10,5,174
2014/11/19,3400 17              AVSW1700 33              STSW,PROPERTY DAMAGE ONLY,KILLARNEY/GLENGARRY,KIL,51.0377638616919,-114.135427143142,POINT (-114.13542714314201 51.0377638616919),1,14,2,182
2009/04/14,9615  MACLEOD         TRS,PROPERTY DAMAGE ONLY,ACADIA,ACA,50.9698615142894,-114.071703985208,POINT (-114.071703985208 50.969861514289406),1,8,5,195
2015/12/18,6700 FALCONRIDGE     BVNE0    MARTINDALE      BVNE,INJURY,MARTINDALE,MRT,51.1140627894596,-113.946885402572,POINT (-113.94688540257201 51.11406278945961),4,9,1,180
2017/10/03,SOUTHLAND DR SE & FAIRMOUNT DR SE,PROPERTY DAMAGE ONLY,ACADIA,ACA,50.9641426004648,-114.050700800087,POINT (-114.050700800087 50.9641426004648),3,10,5,174
2015/11/16,5600 NORTHLAND       DRNW5100 SHAGANAPPI      TRNW,INJURY,BRENTWOOD,BRE,51.1026248463159,-114.142727230769,POINT (-114.14272723076901 51.1026248463159),2,7,4,38
2011/12/12,3000 26              AVSW2600 29              STSW,INJURY,KILLARNEY/GLENGARRY,KIL,51.030003349763,-114.129573775174,POINT (-114.129573775174 51.030003349763),1,14,2,182
2012/08/25,9000 MACLEOD         TRS 100  90              AVSW,FATAL,ACADIA,ACA,50.9722218315065,-114.071633444537,POINT (-114.071633444537 50.9722218315065),1,8,5,195
2012/10/06,600  16              AVNE1700 5               STNE,INJURY,RENFREW,REN,51.0669401561023,-114.050449703755,POINT (-114.050449703755 51.066940156102305),4,10,11,171
2016/05/03,CROWCHILD TR NW & SARCEE TR NW,INJURY,RANCHLANDS,RAN,51.1101334780789,-114.176895776334,POINT (-114.176895776334 51.1101334780789),2,7,4,38
2011/07/04,4400 MEMORIAL        DRE 100  44              STNE,PROPERTY DAMAGE ONLY,MARLBOROUGH,MRL,51.0527794185566,-113.970033228998,POINT (-113.970033228998 51.0527794185566),3,12,11,194
2009/07/27,200  ACADIA          DRSE9100 FAIRMOUNT       DRSE,INJURY,ACADIA,ACA,50.9722461360527,-114.059188590834,POINT (-114.059188590834 50.9722461360527),3,10,5,174
2011/12/14,3200  52              AVNW,INJURY,BRENTWOOD,BRE,51.1009772036902,-114.129452556963,POINT (-114.129452556963 51.1009772036902),2,7,4,50
2016/05/13,MARTINDALE BV NE & MARTINDALE DR NE,INJURY,MARTINDALE,MRT,51.1141719000474,-113.952677500243,POINT (-113.952677500243 51.1141719000474),4,9,1,180
2008/12/22,800  36              STNE3600 8               AVNE,INJURY,MARLBOROUGH,MRL,51.0594881637188,-113.981754859715,POINT (-113.981754859715 51.059488163718804),4,12,3,84
2011/06/25,340   COPPERFIELD     BVSE,INJURY,COPPERFIELD,CPF,50.9127891921501,-113.943972137788,POINT (-113.943972137788 50.9127891921501),3,4,8,96
2008/05/26,1700 EDMONTON        TRNE300  16              AVNE,INJURY,RENFREW,REN,51.0669375461008,-114.056170948473,POINT (-114.056170948473 51.0669375461008),4,7,7,266
2013/05/01,600 1440  52              STNE,INJURY,MARLBOROUGH,MRL,51.0633206729993,-113.958071232847,POINT (-113.95807123284702 51.0633206729993),4,12,3,33
2015/06/11,4400 MEMORIAL        DRE 100  44              STNE,INJURY,MARLBOROUGH,MRL,51.0527794185566,-113.970033228998,POINT (-113.970033228998 51.0527794185566),3,12,11,194
2009/10/24,1410  4               STSE,PROPERTY DAMAGE ONLY,RENFREW,REN,51.0642892598053,-114.053257760504,POINT (-114.053257760504 51.0642892598053),4,10,11,171
2009/03/04,6500 MARTINGROVE     DRNE5400 64              AVNE,INJURY,MARTINDALE,MRT,51.1105501032915,-113.952116229193,POINT (-113.95211622919301 51.1105501032915),4,9,1,119
2010/12/23,3800 26              AVSW2600 37              STSW,INJURY,KILLARNEY/GLENGARRY,KIL,51.0299899762139,-114.141121187549,POINT (-114.141121187549 51.0299899762139),1,1,14,298
2009/05/18,3600 17              AVSW1700 35              STSW,PROPERTY DAMAGE ONLY,KILLARNEY/GLENGARRY,KIL,51.0377604718716,-114.138321607787,POINT (-114.138321607787 51.0377604718716),1,14,2,182
2012/04/03,5200 MEMORIAL        DRE 100  52              STNE,INJURY,MARLBOROUGH,MRL,51.0533052849574,-113.955769629259,POINT (-113.955769629259 51.0533052849574),3,12,11,194
2010/02/04,9000 BONAVENTURE     DRSE200  90              AVSE,INJURY,ACADIA,ACA,50.9722496186152,-114.068720737831,POINT (-114.068720737831 50.9722496186152),3,10,5,174
2016/09/14,141 MARTINDALE DR NE,INJURY,MARTINDALE,MRT,51.1149466597461,-113.952665393078,POINT (-113.952665393078 51.1149466597461),4,9,1,180
2012/12/10,6000 FALCONRIDGE     BVNE5600 64              AVNE,FATAL,MARTINDALE,MRT,51.1105659354762,-113.947132185938,POINT (-113.947132185938 51.1105659354762),4,9,1,119
2016/09/09,SOUTHLAND DR SE & BLACKFOOT TR SE,INJURY,ACADIA,ACA,50.9657835008741,-114.038726399472,POINT (-114.038726399472 50.9657835008741),3,10,5,174
2016/06/13,FLINT DR SE & HERITAGE DR SE,INJURY,ACADIA,ACA,50.9795126006961,-114.067989899631,POINT (-114.067989899631 50.9795126006961),3,10,5,174
2016/11/22,NORTHLAND DR NW & CROWCHILD TR NW,PROPERTY DAMAGE ONLY,BRENTWOOD,BRE,51.0941073697867,-114.141808513612,POINT (-114.141808513612 51.094107369786705),2,7,4,50
2009/05/14,3700 RICHMOND        RDSW3400 37              STSW,INJURY,KILLARNEY/GLENGARRY,KIL,51.0221437668122,-114.141230234641,POINT (-114.141230234641 51.0221437668122),1,1,14,142
2014/01/16,2700 BRENTWOOD       BVNW3500 CHARLESWOOD     DRNW,INJURY,BRENTWOOD,BRE,51.0850367497167,-114.122776503252,POINT (-114.122776503252 51.08503674971671),2,7,4,125
2013/07/03,200  MARLBOROUGH     WYNE3900 MEMORIAL        DRE,INJURY,MARLBOROUGH,MRL,51.0525922004245,-113.976936661667,POINT (-113.97693666166701 51.0525922004245),4,12,11,194
2010/02/05,1451  REMINGTON       RDNE,INJURY,RENFREW,REN,51.0654600772514,-114.038208212464,POINT (-114.038208212464 51.0654600772514),4,10,11,171
2012/06/29,3900 MARLBOROUGH     DRNE700  MARLBOROUGH     WYNE,INJURY,MARLBOROUGH,MRL,51.0594599649468,-113.975093045334,POINT (-113.975093045334 51.0594599649468),4,12,3,77
2011/01/07,8600 BONAVENTURE     DRSE200  86              AVSE,INJURY,ACADIA,ACA,50.9758645605436,-114.06856331101,POINT (-114.06856331101 50.9758645605436),3,10,5,174
2008/05/05,251   MIDPARK         BVSE,INJURY,MIDNAPORE,MID,50.9111639242151,-114.062242670115,POINT (-114.062242670115 50.9111639242151),3,6,13,263
2012/10/11,9100 FAIRMOUNT       DRSE300  90              AVSE,PROPERTY DAMAGE ONLY,ACADIA,ACA,50.9722018302634,-114.059189047102,POINT (-114.059189047102 50.9722018302634),3,10,5,174
2008/06/13,600  36              STNE3600 5               AVNE,INJURY,MARLBOROUGH,MRL,51.0570153606174,-113.982350354586,POINT (-113.982350354586 51.0570153606174),4,12,3,84
2010/10/26,3700 16              AVNE1700 36              STNE,FATAL,MARLBOROUGH,MRL,51.066922640015,-113.98169486736,POINT (-113.98169486736 51.066922640015),4,9,3,77
2009/03/03,241   MARTINDALE      BVNE,INJURY,MARTINDALE,MRT,51.1137031739108,-113.960796345828,POINT (-113.960796345828 51.1137031739108),4,9,1,180
2017/03/28,HERITAGE DR SE & FRASER RD SE,INJURY,ACADIA,ACA,50.9799294005432,-114.053469499684,POINT (-114.053469499684 50.9799294005432),3,10,11,284
2009/05/18,3600 17              AVSW1700 35              STSW,INJURY,KILLARNEY/GLENGARRY,KIL,51.0378059394835,-114.138318436612,POINT (-114.138318436612 51.0378059394835),1,14,2,281
2016/08/21,MARLBOROUGH WY NE & MEMORIAL DR E,PROPERTY DAMAGE ONLY,MARLBOROUGH,MRL,51.0527881003908,-113.976929900643,POINT (-113.976929900643 51.0527881003908),4,12,3,77
2009/02/09,3600 17              AVSW1700 35              STSW,PROPERTY DAMAGE ONLY,KILLARNEY/GLENGARRY,KIL,51.0378059394835,-114.138318436612,POINT (-114.138318436612 51.0378059394835),1,14,2,281
2014/06/22,500  HERITAGE        DRSW8200 MACLEOD         TRS,INJURY,ACADIA,ACA,50.979530600286,-114.071587727215,POINT (-114.071587727215 50.979530600286),1,8,5,195
2014/04/29,MARTINDALE      BVNE     MARTINDALECROSSIPLNE,INJURY,MARTINDALE,MRT,51.1150531601918,-113.96765430119,POINT (-113.96765430119 51.1150531601918),4,9,1,180
2014/11/26,3900 MEMORIAL        DRE 300  39              STNE,INJURY,MARLBOROUGH,MRL,51.0526011901446,-113.976936657202,POINT (-113.976936657202 51.0526011901446),4,12,11,194
2014/09/18,24              AVSW     37              STSW,INJURY,KILLARNEY/GLENGARRY,KIL,51.0316013398509,-114.141196069623,POINT (-114.141196069623 51.0316013398509),1,14,2,182
2008/01/29,39    MARTIN CROSSING PANE,INJURY,MARTINDALE,MRT,51.1149660040629,-113.965898448375,POINT (-113.965898448375 51.1149660040629),4,9,1,180
2008/01/31,200  FAIRVIEW        DRSE200  HERITAGE        DRSE,INJURY,ACADIA,ACA,50.9795669423536,-114.063758912811,POINT (-114.06375891281101 50.9795669423536),3,10,5,284
2012/10/22,4400 MEMORIAL        DRE 100  44              STNE,INJURY,MARLBOROUGH,MRL,51.0527794185566,-113.970033228998,POINT (-113.970033228998 51.0527794185566),3,12,11,194
2014/08/21,600  16              AVNE1700 6               STNE,INJURY,RENFREW,REN,51.0669410483194,-114.048338121954,POINT (-114.048338121954 51.0669410483194),4,10,11,171
2016/07/25,39 ST NE & MEMORIAL DR NE,INJURY,MARLBOROUGH,MRL,51.0524859007446,-113.976933000378,POINT (-113.976933000378 51.0524859007446),3,12,11,194
2012/11/13,8400 JOHN LAURIE     BVNW8400 NOSE HILL       DRNW,INJURY,RANCHLANDS,RAN,51.1277032500758,-114.194463321697,POINT (-114.194463321697 51.1277032500758),2,3,10,248
2013/10/17,500  HERITAGE        DRSW8300 HORTON          RDSW,INJURY,ACADIA,ACA,50.9795208801732,-114.072769685766,POINT (-114.072769685766 50.9795208801732),1,8,5,195
2014/11/01,3800  MEMORIAL        DRE,INJURY,MARLBOROUGH,MRL,51.0526735359173,-113.979218711808,POINT (-113.979218711808 51.0526735359173),4,12,3,77
2017/04/11,SADDLETOWNE CI NE & 80 AV NE,INJURY,MARTINDALE,MRT,51.1252279594572,-113.949903979108,POINT (-113.949903979108 51.1252279594572),4,11,1,2
2016/05/21,44 ST SE & MEMORIAL DR SE,INJURY,MARLBOROUGH,MRL,51.0527953004436,-113.969997200133,POINT (-113.969997200133 51.0527953004436),3,12,11,194
2012/07/11,9650  MACLEOD         TRS,INJURY,ACADIA,ACA,50.9660461138423,-114.071125667897,POINT (-114.071125667897 50.9660461138423),3,10,5,174
2011/04/19,3700 RICHMOND        RDSW3400 37              STSW,PROPERTY DAMAGE ONLY,KILLARNEY/GLENGARRY,KIL,51.0224115440272,-114.14116944763,POINT (-114.14116944763 51.02241154402721),1,1,14,142
2012/09/28,FALCONRIDGE     BVNE     SADDLETOWN      CINE,INJURY,MARTINDALE,MRT,51.1220538670042,-113.946803980272,POINT (-113.946803980272 51.1220538670042),4,11,1,2
2009/11/20,3000 17              AVSW1700 29              STSW,INJURY,KILLARNEY/GLENGARRY,KIL,51.0377615630313,-114.12952411951,POINT (-114.12952411951 51.03776156303131),1,14,2,182
2016/09/08,RADNOR AV NE & RUSSET RD NE,INJURY,RENFREW,REN,51.0641648005661,-114.042623000467,POINT (-114.042623000467 51.0641648005661),4,10,11,171
2014/10/08,1900  31              STSE,INJURY,KILLARNEY/GLENGARRY,KIL,51.0370155382974,-114.132660683206,POINT (-114.132660683206 51.03701553829741),1,14,2,182
2010/11/15,9000 MACLEOD         TRS 100  90              AVSW,INJURY,ACADIA,ACA,50.9722510984708,-114.071700004342,POINT (-114.071700004342 50.9722510984708),1,8,5,195
2017/01/06,26 AV SW,INJURY,KILLARNEY/GLENGARRY,KIL,51.0299768164689,-114.136219826696,POINT (-114.136219826696 51.0299768164689),1,14,2,182
2011/12/09,5300 BRENNER         DRNW3600 52              AVNW,INJURY,BRENTWOOD,BRE,51.1009194993987,-114.140508902865,POINT (-114.140508902865 51.1009194993987),2,7,4,50
2009/05/29,300  ADAMS           CRSE300  94              AVSE,INJURY,ACADIA,ACA,50.968631069728,-114.065438938211,POINT (-114.065438938211 50.968631069728),3,10,5,174
2009/12/18,NORTHMOUNT DR NW,INJURY,BRENTWOOD,BRE,51.0902407273633,-114.121876858118,POINT (-114.121876858118 51.09024072736331),2,7,4,50
2014/06/07,200  MARLBOROUGH     WYNE3900 MEMORIAL        DRE,INJURY,MARLBOROUGH,MRL,51.0525922004245,-113.976936661667,POINT (-113.97693666166701 51.0525922004245),4,12,11,194
2010/03/07,1700 EDMONTON        TRNE300  16              AVNE,INJURY,RENFREW,REN,51.0669375461008,-114.056170948473,POINT (-114.056170948473 51.0669375461008),4,7,7,266
2014/11/22,540   16              AVNE,INJURY,RENFREW,REN,51.0671198141195,-114.050763784189,POINT (-114.050763784189 51.0671198141195),4,10,7,88
2011/08/31,3800  MEMORIAL        DRE,INJURY,MARLBOROUGH,MRL,51.0526735359173,-113.979218711808,POINT (-113.979218711808 51.0526735359173),4,12,3,77
2010/09/02,2800 17              AVSW1700 27              STSW,INJURY,KILLARNEY/GLENGARRY,KIL,51.0378060546281,-114.126649497322,POINT (-114.126649497322 51.0378060546281),1,14,2,198
2013/03/20,100  SUN VALLEY      BVSE0    SUNPARK         DRSE,INJURY,MIDNAPORE,MID,50.9065774908363,-114.055295267073,POINT (-114.055295267073 50.9065774908363),3,6,13,52
2009/05/02,800  36              STNE3600 8               AVNE,INJURY,MARLBOROUGH,MRL,51.0595292607151,-113.981920308147,POINT (-113.981920308147 51.0595292607151),4,12,3,84
2009/06/23,6     COPPERFIELD     CRSE,INJURY,COPPERFIELD,CPF,50.9084728734677,-113.941631191738,POINT (-113.941631191738 50.9084728734677),3,4,8,96
2016/10/19,FALCONRIDGE BV NE & MARTINDALE BV NE,INJURY,MARTINDALE,MRT,51.1141095005231,-113.946861799479,POINT (-113.946861799479 51.1141095005231),4,9,1,180
2013/10/01,4100  MARLBOROUGH     DRNE,INJURY,MARLBOROUGH,MRL,51.0596755949927,-113.974522320952,POINT (-113.974522320952 51.0596755949927),4,12,3,77
2013/05/01,4500 BRISEBOIS       DRNW1300 NORTHMOUNT      DRNW,INJURY,BRENTWOOD,BRE,51.0930400087629,-114.128850500833,POINT (-114.128850500833 51.0930400087629),2,7,4,50
2015/12/22,1000 EDMONTON        TRNE400  9               AVNE,INJURY,RENFREW,REN,51.0605733893682,-114.055007742122,POINT (-114.055007742122 51.0605733893682),4,7,7,266
2008/10/14,5200 MEMORIAL        DRE 100  52              STNE,INJURY,MARLBOROUGH,MRL,51.0533052849574,-113.955769629259,POINT (-113.955769629259 51.0533052849574),3,12,11,194
2008/01/05,200  FAIRVIEW        DRSE200  HERITAGE        DRSE,INJURY,ACADIA,ACA,50.9795669423536,-114.063758912811,POINT (-114.06375891281101 50.9795669423536),3,10,5,284
2014/11/17,3900 MARLBOROUGH     DRNE700  MARLBOROUGH     WYNE,INJURY,MARLBOROUGH,MRL,51.0594599649468,-113.975093045334,POINT (-113.975093045334 51.0594599649468),4,12,3,77
2008/06/09,5300 16              AVNE1700 52              STNE,INJURY,MARLBOROUGH,MRL,51.0671044159387,-113.963310800088,POINT (-113.963310800088 51.0671044159387),4,9,3,34
2008/04/28,9100 FAIRMOUNT       DRSE300  90              AVSE,INJURY,ACADIA,ACA,50.9722461360527,-114.059188590834,POINT (-114.059188590834 50.9722461360527),3,10,5,174
2015/03/18,600  16              AVNE1700 5               STNE,FATAL,RENFREW,REN,51.0669401561023,-114.050449703755,POINT (-114.050449703755 51.066940156102305),4,10,11,171
2016/12/31,MACLEOD TR SE & 162 AV SE,INJURY,MIDNAPORE,MID,50.9062197252011,-114.063170100656,POINT (-114.063170100656 50.9062197252011),3,5,6,115
2016/11/25,NORTHLAND DR NW & NORTHMOUNT DR NW,INJURY,BRENTWOOD,BRE,51.0960283004321,-114.141220900351,POINT (-114.141220900351 51.0960283004321),2,7,4,50
2017/01/05,NORTHMOUNT DR NW & NORTHLAND DR NW,INJURY,BRENTWOOD,BRE,51.0960283004321,-114.141220900351,POINT (-114.141220900351 51.0960283004321),2,7,4,50
2014/01/28,SUN VALLEY      BVSE     SUNMILLS        DRSE,PROPERTY DAMAGE ONLY,MIDNAPORE,MID,50.9063380736445,-114.047463800101,POINT (-114.047463800101 50.9063380736445),3,6,13,52
2017/07/14,Memorial DR SE & Marlborough WY SE,INJURY,MARLBOROUGH,MRL,51.0528100007534,-113.976760000458,POINT (-113.976760000458 51.052810000753404),4,12,3,77
2017/12/11,OLD BANFF COACH RD SW & COACH HILL RD SW,INJURY,COACH HILL,COA,51.0627700003692,-114.184999999293,POINT (-114.184999999293 51.062770000369206),1,1,14,189
2017/04/04,37 ST SW,INJURY,KILLARNEY/GLENGARRY,KIL,51.0233511003465,-114.141059900602,POINT (-114.14105990060202 51.0233511003465),1,14,2,182
2011/11/15,3000 17              AVSW1700 29              STSW,INJURY,KILLARNEY/GLENGARRY,KIL,51.0377615630313,-114.12952411951,POINT (-114.12952411951 51.03776156303131),1,14,2,182
2014/08/24,900  EDMONTON        TRNE400  8               AVNE,INJURY,RENFREW,REN,51.0596926985866,-114.054364763475,POINT (-114.054364763475 51.0596926985866),4,7,7,266
2017/05/20,6226 64 AV NE & Falconridge BV NE,INJURY,MARTINDALE,MRT,51.1106600002648,-113.946899999573,POINT (-113.946899999573 51.1106600002648),4,11,1,26
2013/11/28,400  HULL            AVSW8600 MACLEOD         TRS,INJURY,ACADIA,ACA,50.9772381677887,-114.071626922216,POINT (-114.071626922216 50.9772381677887),1,8,5,195
2013/04/22,1700 EDMONTON        TRNE300  16              AVNE,INJURY,RENFREW,REN,51.0669375469998,-114.056170948474,POINT (-114.05617094847402 51.06693754699981),4,7,7,266
2015/06/29,8300 BONAVENTURE     DRSE200  HERITAGE        DRSE,INJURY,ACADIA,ACA,50.9795147894707,-114.067956339057,POINT (-114.067956339057 50.9795147894707),3,10,5,174
2015/10/14,400  SUN VALLEY      BVSE0    SUNMILLS        DRSE,INJURY,MIDNAPORE,MID,50.9065629814586,-114.04740405286,POINT (-114.04740405286 50.9065629814586),3,6,13,52
2009/08/24,3500 CHARLESWOOD     DRNW3600 MORLEY          TRNW,INJURY,BRENTWOOD,BRE,51.083969938236,-114.124254885238,POINT (-114.12425488523802 51.083969938236),2,7,4,125
2013/08/08,3900 MEMORIAL        DRE 300  39              STNE,INJURY,MARLBOROUGH,MRL,51.0526011901446,-113.976936657202,POINT (-113.976936657202 51.0526011901446),4,12,11,194
2015/12/18,0    MIDLAWN         PLSE400  MIDRIDGE        DRSE,INJURY,MIDNAPORE,MID,50.9176311274582,-114.063158769575,POINT (-114.063158769575 50.9176311274582),3,6,13,263
2017/05/10,8989 90 AV SE,INJURY,ACADIA,ACA,50.9722800000451,-114.071649999337,POINT (-114.071649999337 50.9722800000451),1,8,5,195
2012/01/19,3800 17              AVSW1700 37              STSW,INJURY,KILLARNEY/GLENGARRY,KIL,51.0377571137059,-114.141130521211,POINT (-114.141130521211 51.0377571137059),1,14,2,182
2012/04/29,5007  MARSHALL        RDNE,INJURY,MARLBOROUGH,MRL,51.0577668841603,-113.963596661209,POINT (-113.96359666120901 51.0577668841603),4,12,3,77
2011/09/10,9900 FAIRMOUNT       DRSE400  SOUTHLAND       DRSE,INJURY,ACADIA,ACA,50.9640123311953,-114.058680383777,POINT (-114.058680383777 50.9640123311953),3,6,5,89
2013/02/22,6500 MARTINGROVE     DRNE5400 64              AVNE,INJURY,MARTINDALE,MRT,51.1105501032915,-113.952116229193,POINT (-113.95211622919301 51.1105501032915),4,9,1,119
2011/11/13,5200 MARBANK         DRNE900  52              STNE,INJURY,MARLBOROUGH,MRL,51.0621341798879,-113.958486017833,POINT (-113.958486017833 51.0621341798879),4,12,3,77
2013/10/22,200  MARLBOROUGH     WYNE3900 MEMORIAL        DRE,INJURY,MARLBOROUGH,MRL,51.0525922004245,-113.976936661667,POINT (-113.97693666166701 51.0525922004245),4,12,11,194
2012/11/04,226   MARLBOROUGH     WYNE,PROPERTY DAMAGE ONLY,MARLBOROUGH,MRL,51.0553248675481,-113.975908304867,POINT (-113.975908304867 51.0553248675481),4,12,3,77
2013/04/25,6000 FALCONRIDGE     BVNE5600 64              AVNE,INJURY,MARTINDALE,MRT,51.1105659354762,-113.947132185938,POINT (-113.947132185938 51.1105659354762),4,9,1,119
2015/10/16,3700 17              AVSW1700 36              STSW,INJURY,KILLARNEY/GLENGARRY,KIL,51.0377587756556,-114.139747452232,POINT (-114.139747452232 51.0377587756556),1,14,2,182
2016/05/04,52 ST SE & MCIVOR BV SE,INJURY,COPPERFIELD,CPF,50.9127557001721,-113.951779899791,POINT (-113.951779899791 50.9127557001721),3,4,8,96
2015/12/05,6700 FALCONRIDGE     BVNE0    MARTINDALE      BVNE,INJURY,MARTINDALE,MRT,51.1140627894596,-113.946885402572,POINT (-113.94688540257201 51.11406278945961),4,9,1,180
2009/05/28,500  HERITAGE        DRSW8300 HORTON          RDSW,INJURY,ACADIA,ACA,50.9795153127946,-114.072799944126,POINT (-114.072799944126 50.9795153127946),1,8,5,195
2012/02/17,3800 19              AVSW1900 37              STSW,INJURY,KILLARNEY/GLENGARRY,KIL,51.0362107444655,-114.141239888017,POINT (-114.141239888017 51.0362107444655),1,1,14,41
2015/11/12,9400 MACLEOD         TRS 100  94              AVSW,INJURY,ACADIA,ACA,50.9685899270062,-114.071642095542,POINT (-114.071642095542 50.9685899270062),1,8,5,195
2014/02/27,500   MARTINDALE      BVNE,INJURY,MARTINDALE,MRT,51.1155894845472,-113.967150416913,POINT (-113.967150416913 51.1155894845472),4,9,1,180
2011/12/14,600  12              AVNE1200 6               STNE,INJURY,RENFREW,REN,51.0632462763992,-114.048348540375,POINT (-114.048348540375 51.0632462763992),4,10,11,171
2008/09/23,2900 RICHMOND        RDSW3300 29              STSW,INJURY,KILLARNEY/GLENGARRY,KIL,51.0259515580013,-114.129551940367,POINT (-114.129551940367 51.0259515580013),1,14,2,182
2009/11/29,3818  BRENTWOOD       RDNW,INJURY,BRENTWOOD,BRE,51.0864738709781,-114.129911121348,POINT (-114.129911121348 51.086473870978104),2,7,4,50
2016/02/29,RANCHVIEW DR NW & RANCHLANDS BV NW,INJURY,RANCHLANDS,RAN,51.1161390002499,-114.181709299879,POINT (-114.181709299879 51.1161390002499),2,3,10,245
2012/07/19,146   MARTINDALE      DRNE,INJURY,MARTINDALE,MRT,51.1152787914299,-113.952468400313,POINT (-113.952468400313 51.1152787914299),4,9,1,180
2010/01/14,3500 CHARLESWOOD     DRNW3600 MORLEY          TRNW,INJURY,BRENTWOOD,BRE,51.0838394365622,-114.124371871121,POINT (-114.124371871121 51.0838394365622),2,7,4,125
2017/04/14,MCIVOR BV SE & 52 ST SE,FATAL,COPPERFIELD,CPF,50.9127557001721,-113.951779899791,POINT (-113.951779899791 50.9127557001721),3,4,8,96
2016/05/07,26 AV SW & 29 ST SW,INJURY,KILLARNEY/GLENGARRY,KIL,51.0300640000415,-114.129573000527,POINT (-114.129573000527 51.0300640000415),1,14,2,182
2008/01/03,300  ASHLEY          CRSE300  86              AVSE,INJURY,ACADIA,ACA,50.9759063337953,-114.062763844821,POINT (-114.062763844821 50.9759063337953),3,10,5,174
2010/05/14,708   ARCHWOOD        RDSE,INJURY,ACADIA,ACA,50.9644854982562,-114.04596819052,POINT (-114.04596819052 50.9644854982562),3,10,5,174
2009/02/04,8200 FLINT           RDSE200  HERITAGE        DRSE,INJURY,ACADIA,ACA,50.9795682873694,-114.06795584325,POINT (-114.06795584325 50.9795682873694),3,10,11,284
2015/11/17,MARTHA'S HAVEN  GDNE     MARTINDALE      BVNE,PROPERTY DAMAGE ONLY,MARTINDALE,MRT,51.1186215633259,-113.968730736204,POINT (-113.968730736204 51.1186215633259),4,9,1,180
2017/03/20,BONAVENTURE DR SE & HERITAGE DR SE,PROPERTY DAMAGE ONLY,ACADIA,ACA,50.9795126006961,-114.067989899631,POINT (-114.067989899631 50.9795126006961),3,10,5,174
2014/09/09,889   36              STNE,INJURY,MARLBOROUGH,MRL,51.0584723197395,-113.981712464416,POINT (-113.981712464416 51.0584723197395),4,12,3,84
2014/02/13,3000 17              AVSW1700 29              STSW,INJURY,KILLARNEY/GLENGARRY,KIL,51.0377615630313,-114.12952411951,POINT (-114.12952411951 51.03776156303131),1,14,2,182
2012/11/15,6700 FALCONRIDGE     BVNE0    MARTINDALE      BVNE,PROPERTY DAMAGE ONLY,MARTINDALE,MRT,51.1140627894596,-113.946885402572,POINT (-113.94688540257201 51.11406278945961),4,9,1,180
2016/04/11,64 AV NE & MARTINDALE DR NE,INJURY,MARTINDALE,MRT,51.1107159005038,-113.955888499968,POINT (-113.955888499968 51.1107159005038),4,9,1,180
2009/10/20,3800 19              AVSW1900 37              STSW,INJURY,KILLARNEY/GLENGARRY,KIL,51.0362514163725,-114.141207507622,POINT (-114.141207507622 51.03625141637251),1,14,2,182
2014/10/03,3800 26              AVSW2600 37              STSW,PROPERTY DAMAGE ONLY,KILLARNEY/GLENGARRY,KIL,51.0299899762139,-114.141121187549,POINT (-114.141121187549 51.0299899762139),1,1,14,298
2013/08/22,3600 12              AVNE1200 36              STNE,PROPERTY DAMAGE ONLY,MARLBOROUGH,MRL,51.0625896149853,-113.981767906764,POINT (-113.981767906764 51.0625896149853),4,12,3,84
2011/11/09,5200 MEMORIAL        DRE 100  52              STNE,INJURY,MARLBOROUGH,MRL,51.0533052849574,-113.955769629259,POINT (-113.955769629259 51.0533052849574),3,12,11,194
2009/05/02,0    MARTINBROOK     GANE100  MARTINDALE      BVNE,INJURY,MARTINDALE,MRT,51.1142791201342,-113.955307283994,POINT (-113.955307283994 51.1142791201342),4,9,1,180
2016/08/18,SOUTHLAND DR SE & FAIRMOUNT DR SE,INJURY,ACADIA,ACA,50.9639947001757,-114.058680599305,POINT (-114.058680599305 50.9639947001757),3,6,5,89
2017/05/29,36 ST NE & MARLBOROUGH DR NE,INJURY,MARLBOROUGH,MRL,51.0595287007394,-113.981478700011,POINT (-113.98147870001101 51.0595287007394),4,12,3,77
2008/02/01,8300 ASHWORTH        RDSE200  HERITAGE        DRSE,INJURY,ACADIA,ACA,50.9798842610736,-114.053451195465,POINT (-114.053451195465 50.9798842610736),3,10,5,174
2015/09/14,COPPERPOND      BVSE     MCIVOR          BVSE,INJURY,COPPERFIELD,CPF,50.9230896360646,-113.932785421158,POINT (-113.932785421158 50.9230896360646),3,4,8,96
2011/08/12,3800 28              AVSW2800 37              STSW,INJURY,KILLARNEY/GLENGARRY,KIL,51.0286684687516,-114.141131430311,POINT (-114.14113143031102 51.0286684687516),1,1,14,298
2014/09/29,8300 FAIRMOUNT       DRSE300  HERITAGE        DRSE,INJURY,ACADIA,ACA,50.9795191781962,-114.059938863157,POINT (-114.05993886315702 50.979519178196206),3,10,5,174
2009/11/01,200  CAPRI           AVNW4300 CHARLESWOOD     DRNW,INJURY,BRENTWOOD,BRE,51.0916143337638,-114.115471748973,POINT (-114.11547174897301 51.0916143337638),2,7,4,125
2013/09/09,4900 MEMORIAL        DRE 100  47              STSE,INJURY,MARLBOROUGH,MRL,51.0527775923779,-113.963600572922,POINT (-113.96360057292202 51.0527775923779),3,12,11,194
2010/03/18,3600 BRENTWOOD       RDNW4000 BRISEBOIS       DRNW,INJURY,BRENTWOOD,BRE,51.0895833770903,-114.133663908041,POINT (-114.133663908041 51.0895833770903),2,7,4,50
2008/04/27,3700 RICHMOND        RDSW3400 37              STSW,PROPERTY DAMAGE ONLY,KILLARNEY/GLENGARRY,KIL,51.0221437668122,-114.141230234641,POINT (-114.141230234641 51.0221437668122),1,1,14,142
2017/01/17,edmonton TR NE & 7 AV NE,INJURY,RENFREW,REN,51.0588605009581,-114.054311191117,POINT (-114.05431119111701 51.0588605009581),4,7,7,266
2013/09/24,3800 19              AVSW1900 37              STSW,INJURY,KILLARNEY/GLENGARRY,KIL,51.0362107444655,-114.141239888017,POINT (-114.141239888017 51.0362107444655),1,1,14,41
2015/11/02,2700 17              AVSW1700 26              STSW,INJURY,KILLARNEY/GLENGARRY,KIL,51.0377589360528,-114.12364961286,POINT (-114.12364961286002 51.0377589360528),1,14,2,182
2011/06/25,4     MARTINVALLEY    CRNE,INJURY,MARTINDALE,MRT,51.1228488375297,-113.954446200716,POINT (-113.954446200716 51.1228488375297),4,9,1,180
2008/02/26,110   MARBROOKE       CINE,INJURY,MARLBOROUGH,MRL,51.0540610511124,-113.957466264954,POINT (-113.957466264954 51.0540610511124),4,12,3,77
2014/08/12,1300 EDMONTON        TRNE300  12              AVNE,INJURY,RENFREW,REN,51.0632608087789,-114.056066634639,POINT (-114.056066634639 51.0632608087789),4,7,7,266
2008/09/29,5000 MARLBOROUGH     DRNE0    50              STNE,INJURY,MARLBOROUGH,MRL,51.0594054012306,-113.96222543127,POINT (-113.96222543127 51.0594054012306),4,12,3,77
2012/01/22,9000 BONAVENTURE     DRSE200  90              AVSE,INJURY,ACADIA,ACA,50.9722055968955,-114.068728784488,POINT (-114.06872878448802 50.9722055968955),3,10,5,174
2010/12/22,3800 26              AVSW2600 37              STSW,INJURY,KILLARNEY/GLENGARRY,KIL,51.0299899762139,-114.141121187549,POINT (-114.141121187549 51.0299899762139),1,1,14,298
2016/05/03,17 AV SW & 35 ST SW,INJURY,KILLARNEY/GLENGARRY,KIL,51.0378090002023,-114.138323999414,POINT (-114.138323999414 51.0378090002023),1,14,2,281
2013/10/18,168   MARTINDALE      BVNE,INJURY,MARTINDALE,MRT,51.114453774683,-113.957753615378,POINT (-113.957753615378 51.114453774683),4,9,1,180
2012/10/05,500  HERITAGE        DRSW8200 MACLEOD         TRS,FATAL,ACADIA,ACA,50.979530600286,-114.071587727215,POINT (-114.071587727215 50.979530600286),1,8,5,195
2016/09/11,MEMORIAL DR E & 52 ST NE,INJURY,MARLBOROUGH,MRL,51.0534242001454,-113.955715199921,POINT (-113.955715199921 51.0534242001454),4,12,3,33
2014/12/09,8300 FAIRMOUNT       DRSE300  HERITAGE        DRSE,INJURY,ACADIA,ACA,50.9795191781962,-114.059938863157,POINT (-114.05993886315702 50.979519178196206),3,10,5,174
2012/04/05,3600 12              AVNE1200 36              STNE,INJURY,MARLBOROUGH,MRL,51.0625896149853,-113.981767906764,POINT (-113.981767906764 51.0625896149853),4,12,3,84
2012/10/11,MEMORIAL        DRE      44              STNE,INJURY,MARLBOROUGH,MRL,51.0529063155273,-113.969997680384,POINT (-113.969997680384 51.0529063155273),4,12,3,77
2009/03/19,SUN VALLEY      BVSE     SUNPARK         DRSE,INJURY,MIDNAPORE,MID,50.9065324025858,-114.055342843757,POINT (-114.055342843757 50.9065324025858),3,6,13,52
2016/11/01,MARTINCROSSING DR NE & MARTINDALE DR NE,INJURY,MARTINDALE,MRT,51.1184770006646,-113.95465100064,POINT (-113.95465100064 51.1184770006646),4,9,1,180
2013/09/26,4400 CROWCHILD       TRNW4500 NORTHLAND       DRNW,PROPERTY DAMAGE ONLY,BRENTWOOD,BRE,51.0940670393044,-114.142443920544,POINT (-114.142443920544 51.0940670393044),2,7,4,50
2015/04/18,1700 EDMONTON        TRNE300  16              AVNE,INJURY,RENFREW,REN,51.0669375469998,-114.056170948474,POINT (-114.05617094847402 51.06693754699981),4,7,7,266
2010/06/23,6500 OLD BANFF COACH RDSW0    PATTERSON       BVSW,INJURY,COACH HILL,COA,51.0599548679674,-114.179971613543,POINT (-114.179971613543 51.0599548679674),1,1,14,189
2010/05/23,4630  MARBANK         DRNE,INJURY,MARLBOROUGH,MRL,51.0634642996707,-113.967142787235,POINT (-113.967142787235 51.0634642996707),4,12,3,77
2008/09/08,METIS           TRNE     WESTWINDS       DRNE,PROPERTY DAMAGE ONLY,MARTINDALE,MRT,51.1112163244942,-113.97269951011,POINT (-113.97269951011 51.1112163244942),4,9,1,80
2017/12/07,90 AV SE & MACLEOD TR SE,INJURY,ACADIA,ACA,50.972250800799,-114.071472799974,POINT (-114.071472799974 50.972250800799),3,10,5,174
2008/01/10,2700 17              AVSW1700 26              STSW,INJURY,KILLARNEY/GLENGARRY,KIL,51.0378078112408,-114.123648173081,POINT (-114.123648173081 51.0378078112408),1,14,2,198
2012/04/13,4000  BRENTWOOD       RDNW,PROPERTY DAMAGE ONLY,BRENTWOOD,BRE,51.0868967721133,-114.130576120989,POINT (-114.13057612098902 51.0868967721133),2,7,4,50
2015/12/08,14900BANNISTER       RDSE0    MIDLAKE         BVSE,INJURY,MIDNAPORE,MID,50.9140702755759,-114.064689781329,POINT (-114.064689781329 50.9140702755759),3,6,13,263
2016/07/12,64 AV NE & CASTLERIDGE BV NE,INJURY,MARTINDALE,MRT,51.1105898005897,-113.965225700511,POINT (-113.965225700511 51.11058980058971),4,9,1,119
2011/07/02,5200 MARYVALE        DRNE500  52              STNE,INJURY,MARLBOROUGH,MRL,51.0568388051062,-113.957278283657,POINT (-113.957278283657 51.0568388051062),4,12,3,77
2014/11/02,500  MARLBOROUGH     WYNE4000 MARYVALE        DRNE,INJURY,MARLBOROUGH,MRL,51.0561791004735,-113.976949144028,POINT (-113.976949144028 51.05617910047351),4,12,3,77
2012/01/03,3800 MARLBOROUGH     DRNE900  MARPOLE         RDNE,INJURY,MARLBOROUGH,MRL,51.0594694599225,-113.977589442162,POINT (-113.977589442162 51.0594694599225),4,12,3,77
2017/07/06,94 AV SE,INJURY,ACADIA,ACA,50.9686400001299,-114.071650000245,POINT (-114.071650000245 50.9686400001299),1,8,5,195
2008/02/15,800  EDMONTON        TRNE400  7               AVNE,INJURY,RENFREW,REN,51.0588605036576,-114.054311185414,POINT (-114.054311185414 51.058860503657606),4,7,7,266
2014/07/23,9900 FAIRMOUNT       DRSE400  SOUTHLAND       DRSE,INJURY,ACADIA,ACA,50.9640123311953,-114.058680383777,POINT (-114.058680383777 50.9640123311953),3,6,5,89
2017/04/14,52 ST NE & MADIGAN DR NE,INJURY,MARLBOROUGH,MRL,51.0622657009165,-113.958331400704,POINT (-113.958331400704 51.0622657009165),4,12,3,33
2015/11/21,8330  MACLEOD         TRS,INJURY,ACADIA,ACA,50.9785423516361,-114.070546662433,POINT (-114.070546662433 50.9785423516361),3,10,5,174
2012/01/16,400  ACADIA          DRSE600  94              AVSE,INJURY,ACADIA,ACA,50.9684759968846,-114.048435176018,POINT (-114.048435176018 50.9684759968846),3,10,5,174
2012/10/17,900  EDMONTON        TRNE400  8               AVNE,PROPERTY DAMAGE ONLY,RENFREW,REN,51.0596926985866,-114.054364763475,POINT (-114.054364763475 51.0596926985866),4,7,7,266
2017/01/25,HERITAGE DR SW & MACLEOD TR SW,INJURY,ACADIA,ACA,50.9795122000561,-114.071697400282,POINT (-114.071697400282 50.9795122000561),1,8,5,195
2014/10/25,500  MARLBOROUGH     WYNE4000 MARYVALE        DRNE,INJURY,MARLBOROUGH,MRL,51.0561791004735,-113.976949144028,POINT (-113.976949144028 51.05617910047351),4,12,3,77
2009/01/27,600  16              AVNE1700 6               STNE,PROPERTY DAMAGE ONLY,RENFREW,REN,51.066882800523,-114.048331449757,POINT (-114.048331449757 51.066882800523),4,10,11,171
2016/11/04,FALCONRIDGE BV NE & 64 AV NE,INJURY,MARTINDALE,MRT,51.1105801000641,-113.94703599945,POINT (-113.94703599945001 51.1105801000641),4,9,1,119
2015/04/08,5300 MADIGAN         DRNE900  52              STNE,INJURY,MARLBOROUGH,MRL,51.0621341798879,-113.958486017833,POINT (-113.958486017833 51.0621341798879),4,12,3,77
2009/10/17,8300 BLACKFOOT       TRSE600  HERITAGE        DRSE,INJURY,ACADIA,ACA,50.9807284802816,-114.050028675133,POINT (-114.050028675133 50.9807284802816),3,10,5,174
2015/09/25,5100 NORTHLAND       DRNW3600 52              AVNW,PROPERTY DAMAGE ONLY,BRENTWOOD,BRE,51.1009094772148,-114.141365547207,POINT (-114.141365547207 51.1009094772148),2,7,4,50
2013/11/17,5400 4               AVNE300  52              STNE,INJURY,MARLBOROUGH,MRL,51.0550855376035,-113.956538178949,POINT (-113.956538178949 51.0550855376035),4,12,3,77
2016/11/09,SUNMILLS DR SE & SUN VALLEY BV SE,INJURY,MIDNAPORE,MID,50.906589313423,-114.047469430124,POINT (-114.047469430124 50.906589313423),3,6,13,52
2013/12/16,3400 19              AVSW1900 33              STSW,INJURY,KILLARNEY/GLENGARRY,KIL,51.036208557524,-114.135493899667,POINT (-114.13549389966701 51.036208557524006),1,14,2,182
2009/01/19,2700 17              AVSW1700 26              STSW,INJURY,KILLARNEY/GLENGARRY,KIL,51.0378078112408,-114.123648173081,POINT (-114.123648173081 51.0378078112408),1,14,2,198
2011/12/19,FALCONRIDGE     BVNE     TARACOVE ESTATE DRNE,INJURY,MARTINDALE,MRT,51.1189048095846,-113.946855223351,POINT (-113.946855223351 51.1189048095846),4,11,1,180
2014/04/16,500  HERITAGE        DRSW8200 MACLEOD         TRS,PROPERTY DAMAGE ONLY,ACADIA,ACA,50.979530600286,-114.071587727215,POINT (-114.071587727215 50.979530600286),1,8,5,195
2009/10/17,6500 MARTINGROVE     DRNE5400 64              AVNE,FATAL,MARTINDALE,MRT,51.1105501032915,-113.952116229193,POINT (-113.95211622919301 51.1105501032915),4,9,1,119
2017/09/11,1921 28 ST SW,INJURY,KILLARNEY/GLENGARRY,KIL,51.0370568005514,-114.128377200683,POINT (-114.128377200683 51.0370568005514),1,14,2,182
2014/10/13,3800 19              AVSW1900 37              STSW,INJURY,KILLARNEY/GLENGARRY,KIL,51.0362107444655,-114.141239888017,POINT (-114.141239888017 51.0362107444655),1,1,14,41
2014/03/26,200  MARTINDALE      BVNE0    MARTINRIDGE     WYNE,INJURY,MARTINDALE,MRT,51.1127923063968,-113.962482328359,POINT (-113.962482328359 51.1127923063968),4,9,1,180
2008/11/21,9900 FAIRMOUNT       DRSE400  SOUTHLAND       DRSE,INJURY,ACADIA,ACA,50.9639937703737,-114.058675729457,POINT (-114.058675729457 50.9639937703737),3,6,5,89
2017/06/05,Bonaventure DR SE & 84 AV SE,INJURY,ACADIA,ACA,50.9778200000871,-114.068519999945,POINT (-114.068519999945 50.9778200000871),3,10,5,174
2013/10/19,200  RANCH GLEN      DRNW1100 RANCHLANDS      BVNW,PROPERTY DAMAGE ONLY,RANCHLANDS,RAN,51.1194887579153,-114.19324329213,POINT (-114.19324329213 51.1194887579153),2,3,10,245
2015/06/10,5300 BRISEBOIS       DRNW3200 JOHN LAURIE     BVNW,PROPERTY DAMAGE ONLY,BRENTWOOD,BRE,51.1029032111974,-114.127435787189,POINT (-114.127435787189 51.10290321119741),2,7,4,125
2009/12/20,1126  REMINGTON       RDNE,INJURY,RENFREW,REN,51.0624042658127,-114.04038720385,POINT (-114.04038720385 51.0624042658127),4,10,11,171
2012/02/07,3400 17              AVSW1700 33              STSW,INJURY,KILLARNEY/GLENGARRY,KIL,51.0377638616919,-114.135427143142,POINT (-114.13542714314201 51.0377638616919),1,14,2,182
2012/04/01,MARCOMBE DR NE,PROPERTY DAMAGE ONLY,MARLBOROUGH,MRL,51.060928999544,-113.967913817357,POINT (-113.967913817357 51.060928999544),4,12,3,77
2012/04/27,9000 MACLEOD         TRS 100  90              AVSW,INJURY,ACADIA,ACA,50.9722218315065,-114.071633444537,POINT (-114.071633444537 50.9722218315065),1,8,5,195
2013/10/21,9800 MACLEOD         TRS 500  SOUTHLAND       DRSW,PROPERTY DAMAGE ONLY,ACADIA,ACA,50.9649760173953,-114.071622300775,POINT (-114.071622300775 50.9649760173953),1,8,5,7
2014/10/09,3900 MARLBOROUGH     DRNE700  MARLBOROUGH     WYNE,INJURY,MARLBOROUGH,MRL,51.0594599649468,-113.975093045334,POINT (-113.975093045334 51.0594599649468),4,12,3,77
2012/02/23,14900BANNISTER       RDSE0    MIDLAKE         BVSE,INJURY,MIDNAPORE,MID,50.9140702755759,-114.064689781329,POINT (-114.064689781329 50.9140702755759),3,6,13,263
2013/03/18,FALCONRIDGE BV & SADDLETOWNE CI NE,INJURY,MARTINDALE,MRT,51.1213464988289,-113.946442326725,POINT (-113.946442326725 51.1213464988289),4,11,1,26
2010/08/08,8300 FAIRMOUNT       DRSE300  HERITAGE        DRSE,INJURY,ACADIA,ACA,50.9795101984874,-114.059941904789,POINT (-114.059941904789 50.9795101984874),3,10,5,174
2013/01/01,3600 12              AVNE1200 36              STNE,INJURY,MARLBOROUGH,MRL,51.0625896149853,-113.981767906764,POINT (-113.981767906764 51.0625896149853),4,12,3,84
2008/07/17,3800 MEMORIAL        DRE 300  36              STSE,INJURY,MARLBOROUGH,MRL,51.0520259858741,-113.981033785983,POINT (-113.981033785983 51.0520259858741),3,12,11,194
2015/10/05,1600 DEERFOOT        TRNE1400 16              AVNE,INJURY,RENFREW,REN,51.0668129604101,-114.02750756799,POINT (-114.02750756799 51.0668129604101),4,10,11,171
2010/06/09,500  14              AVNE1400 5               STNE,FATAL,RENFREW,REN,51.0650431756369,-114.050804313445,POINT (-114.050804313445 51.0650431756369),4,10,11,171
2015/07/27,MARTINDALE      DRNE     SADDLETOWNE     CINE,INJURY,MARTINDALE,MRT,51.1238093297514,-113.947918228149,POINT (-113.947918228149 51.1238093297514),4,11,1,2
2017/09/12,5136 brisebois DR NW,PROPERTY DAMAGE ONLY,BRENTWOOD,BRE,51.1009900007889,-114.129279999591,POINT (-114.129279999591 51.1009900007889),2,7,4,125
2016/11/03,MARLBOROUGH WY NE & MARLBOROUGH DR NE,INJURY,MARLBOROUGH,MRL,51.0595559006127,-113.975102300465,POINT (-113.975102300465 51.0595559006127),4,12,3,77
2008/06/21,16200MACLEOD         TRS 100  162             AVSW,INJURY,MIDNAPORE,MID,50.9049283936358,-114.063251342859,POINT (-114.063251342859 50.9049283936358),3,5,6,115
2010/01/13,9800 DEERFOOT        TRSE1100 SOUTHLAND       DRSE,INJURY,ACADIA,ACA,50.9705894916025,-114.036222020411,POINT (-114.036222020411 50.9705894916025),3,10,5,174
2013/04/12,3800 26              AVSW2600 37              STSW,INJURY,KILLARNEY/GLENGARRY,KIL,51.0299899762139,-114.141121187549,POINT (-114.141121187549 51.0299899762139),1,1,14,298
2008/08/09,2700 17              AVSW1700 26              STSW,INJURY,KILLARNEY/GLENGARRY,KIL,51.0378078112408,-114.123648173081,POINT (-114.123648173081 51.0378078112408),1,14,2,198
2016/03/10,37 ST SW & 30 AV SW,INJURY,KILLARNEY/GLENGARRY,KIL,51.0269530005384,-114.141146999326,POINT (-114.141146999326 51.0269530005384),1,1,14,298
2016/12/08,COPPERSTONE GT SE & MCIVOR BV SE,INJURY,COPPERFIELD,CPF,50.9142560459151,-113.937617525692,POINT (-113.937617525692 50.9142560459151),3,4,8,96
2014/04/04,8300 BONAVENTURE     DRSE200  HERITAGE        DRSE,INJURY,ACADIA,ACA,50.9795147894707,-114.067956339057,POINT (-114.067956339057 50.9795147894707),3,10,5,174
2015/02/21,500  HERITAGE        DRSW8300 HORTON          RDSW,INJURY,ACADIA,ACA,50.9795208801732,-114.072769685766,POINT (-114.072769685766 50.9795208801732),1,8,5,195
2014/04/22,MARTHAS         WYNE     MARTINDALE      BVNE,INJURY,MARTINDALE,MRT,51.1227027578247,-113.960731886099,POINT (-113.960731886099 51.1227027578247),4,9,1,180
2012/07/08,3800 30              AVSW3000 37              STSW,INJURY,KILLARNEY/GLENGARRY,KIL,51.0268974915551,-114.141126052422,POINT (-114.14112605242201 51.0268974915551),1,1,14,298
2016/02/10,3630 BRENTWOOD RD NW,INJURY,BRENTWOOD,BRE,51.0856775001989,-114.126532999877,POINT (-114.12653299987701 51.0856775001989),2,7,4,50
2010/01/25,5200 MEMORIAL        DRE 100  52              STNE,INJURY,MARLBOROUGH,MRL,51.0532849905966,-113.956439723444,POINT (-113.956439723444 51.05328499059661),4,12,3,77
2011/02/11,3200 BRENTWOOD       RDNW3100 32              AVNW,INJURY,BRENTWOOD,BRE,51.0834717580997,-114.125239035375,POINT (-114.12523903537502 51.0834717580997),2,7,4,50
2009/08/20,5111  NORTHLAND       DRNW,INJURY,BRENTWOOD,BRE,51.099016959535,-114.141429205035,POINT (-114.141429205035 51.099016959535),2,7,4,50
2013/05/17,1300 EDMONTON        TRNE300  12              AVNE,INJURY,RENFREW,REN,51.0632608087789,-114.056066634639,POINT (-114.056066634639 51.0632608087789),4,7,7,266
2011/07/05,0    MEMORIAL        DRE 200  52              STNE,INJURY,MARLBOROUGH,MRL,51.0533052849574,-113.955769629259,POINT (-113.955769629259 51.0533052849574),3,12,11,194
2011/10/11,3700 RICHMOND        RDSW3400 37              STSW,INJURY,KILLARNEY/GLENGARRY,KIL,51.0224115440272,-114.14116944763,POINT (-114.14116944763 51.02241154402721),1,1,14,142
2010/01/14,5200 MEMORIAL        DRE 100  52              STNE,PROPERTY DAMAGE ONLY,MARLBOROUGH,MRL,51.0533052849574,-113.955769629259,POINT (-113.955769629259 51.0533052849574),3,12,11,194
2009/04/10,1600 DEERFOOT        TRNE1400 16              AVNE,INJURY,RENFREW,REN,51.0673798963176,-114.028551266856,POINT (-114.028551266856 51.067379896317604),4,10,7,88
2008/08/29,134   MIDBEND         PLSE,INJURY,MIDNAPORE,MID,50.9113725344795,-114.060004063168,POINT (-114.060004063168 50.9113725344795),3,6,13,263
2010/11/10,3900 MARLBOROUGH     DRNE700  MARLBOROUGH     WYNE,INJURY,MARLBOROUGH,MRL,51.0595122206526,-113.975077662271,POINT (-113.975077662271 51.0595122206526),4,12,3,77
2010/12/01,3940  MARBANK         DRNE,INJURY,MARLBOROUGH,MRL,51.0630376080911,-113.977389545529,POINT (-113.977389545529 51.0630376080911),4,12,3,77
2013/11/13,800  EDMONTON        TRNE400  7               AVNE,INJURY,RENFREW,REN,51.0585959742642,-114.054320684475,POINT (-114.054320684475 51.0585959742642),4,7,7,266
2016/04/14,122 COPPERSTE CL SE,INJURY,COPPERFIELD,CPF,50.9148312402293,-113.925821821406,POINT (-113.925821821406 50.9148312402293),3,4,8,96
2012/05/14,8300 BONAVENTURE     DRSE200  HERITAGE        DRSE,INJURY,ACADIA,ACA,50.9795147894707,-114.067956339057,POINT (-114.067956339057 50.9795147894707),3,10,5,174
2014/01/18,4800 NORTHLAND       DRNW1500 NORTHMOUNT      DRNW,INJURY,BRENTWOOD,BRE,51.0959742261807,-114.14130766887,POINT (-114.14130766887 51.09597422618071),2,7,4,50
2017/04/19,17 AV SW & 37 ST SW,PROPERTY DAMAGE ONLY,KILLARNEY/GLENGARRY,KIL,51.0378140005246,-114.141200000373,POINT (-114.141200000373 51.0378140005246),1,14,2,281
2017/05/21,84 AV SE & BONAVENTURE DR SE,INJURY,ACADIA,ACA,50.977822500512,-114.068523999404,POINT (-114.068523999404 50.977822500512),3,10,5,174
2010/09/30,5258  MARTIN CROSSING DRNE,INJURY,MARTINDALE,MRT,51.1177987498618,-113.959272134547,POINT (-113.959272134547 51.1177987498618),4,9,1,180
2010/06/24,3800 30              AVSW3000 37              STSW,INJURY,KILLARNEY/GLENGARRY,KIL,51.0269476351036,-114.14114579415,POINT (-114.14114579415 51.0269476351036),1,1,14,298
2009/07/28,3200 17              AVSW1700 31              STSW,PROPERTY DAMAGE ONLY,KILLARNEY/GLENGARRY,KIL,51.0377670180521,-114.132675262448,POINT (-114.132675262448 51.0377670180521),1,14,2,182
2016/11/15,EDMT TR NE & 8 AV NE,INJURY,RENFREW,REN,51.0597369001199,-114.054387900673,POINT (-114.054387900673 51.0597369001199),4,7,7,266
2017/06/22,CHARLESWOOD DR NW,INJURY,BRENTWOOD,BRE,51.0845595546259,-114.123527287862,POINT (-114.123527287862 51.0845595546259),2,7,4,125
2017/09/19,47 ST NE & MEMORIAL DR NE,INJURY,MARLBOROUGH,MRL,51.0528200000645,-113.963530000035,POINT (-113.963530000035 51.0528200000645),3,12,11,194
2013/07/10,0    MEMORIAL        DRE 200  52              STNE,INJURY,MARLBOROUGH,MRL,51.0533052849574,-113.955769629259,POINT (-113.955769629259 51.0533052849574),3,12,11,194
2013/09/12,8600 BONAVENTURE     DRSE200  86              AVSE,INJURY,ACADIA,ACA,50.9758645605436,-114.06856331101,POINT (-114.06856331101 50.9758645605436),3,10,5,174
2013/04/12,3800 17              AVSW1700 37              STSW,PROPERTY DAMAGE ONLY,KILLARNEY/GLENGARRY,KIL,51.0377571137059,-114.141130521211,POINT (-114.141130521211 51.0377571137059),1,14,2,182
2012/12/22,327   ACADIA          DRSE,PROPERTY DAMAGE ONLY,ACADIA,ACA,50.9720966207363,-114.0536644246,POINT (-114.0536644246 50.9720966207363),3,10,5,174
2012/10/09,6700 FALCONRIDGE     BVNE0    MARTINDALE      BVNE,INJURY,MARTINDALE,MRT,51.1140627894596,-113.946885402572,POINT (-113.94688540257201 51.11406278945961),4,9,1,180
2012/09/26,3900 MARLBOROUGH     DRNE700  MARLBOROUGH     WYNE,INJURY,MARLBOROUGH,MRL,51.0594599649468,-113.975093045334,POINT (-113.975093045334 51.0594599649468),4,12,3,77
2011/01/20,9400 FAIRMOUNT       DRSE400  94              AVSE,PROPERTY DAMAGE ONLY,ACADIA,ACA,50.9685879060579,-114.059198691429,POINT (-114.059198691429 50.968587906057905),3,10,5,174
2010/01/31,224   MARTINDALE      DRNE,INJURY,MARTINDALE,MRT,51.1174363000337,-113.95246618668,POINT (-113.95246618668 51.1174363000337),4,9,1,180
2011/06/22,208   COACHWAY        LNSW,INJURY,COACH HILL,COA,51.0608930418614,-114.18269948946,POINT (-114.18269948946 51.0608930418614),1,1,14,189
2014/06/19,MACLEOD         TRS      SOUTHLAND       DRSW,PROPERTY DAMAGE ONLY,ACADIA,ACA,50.964366266373,-114.071741601986,POINT (-114.071741601986 50.964366266373),1,8,5,7
2017/02/24,HERITAGE DR SE & MACLEOD TR S,INJURY,ACADIA,ACA,50.9796280003546,-114.07149280053,POINT (-114.07149280053001 50.9796280003546),3,8,11,284
2016/05/22,MEMORIAL DR NE & 52 ST NE,INJURY,MARLBOROUGH,MRL,51.0532849896977,-113.956439723445,POINT (-113.956439723445 51.0532849896977),4,12,3,77
2008/11/21,400  MIDPARK         BVSE0    SUN VALLEY      BVSE,INJURY,MIDNAPORE,MID,50.9066534382428,-114.055355284759,POINT (-114.055355284759 50.9066534382428),3,6,13,263
2009/11/17,600  16              AVNE1700 6               STNE,INJURY,RENFREW,REN,51.066882800523,-114.048331449757,POINT (-114.048331449757 51.066882800523),4,10,11,171
2015/11/03,5300 MADIGAN         DRNE900  52              STNE,INJURY,MARLBOROUGH,MRL,51.0621341798879,-113.958486017833,POINT (-113.958486017833 51.0621341798879),4,12,3,77
2017/01/24,17 AV SW & 29 ST SW,INJURY,KILLARNEY/GLENGARRY,KIL,51.0378138002502,-114.129591800582,POINT (-114.129591800582 51.0378138002502),1,14,2,198
2016/11/21,MARTINDALE DR NE & MARTINDALE BV NE,INJURY,MARTINDALE,MRT,51.1141719000474,-113.952677500243,POINT (-113.952677500243 51.1141719000474),4,9,1,180
2014/01/22,0    MIDLAWN         GRSE500  MIDRIDGE        DRSE,INJURY,MIDNAPORE,MID,50.9193401384608,-114.061425966495,POINT (-114.061425966495 50.9193401384608),3,6,13,263
2014/10/16,3900 MARLBOROUGH     DRNE700  MARLBOROUGH     WYNE,INJURY,MARLBOROUGH,MRL,51.0594599649468,-113.975093045334,POINT (-113.975093045334 51.0594599649468),4,12,3,77
2014/04/16,MCKENZIE TOWNE  DRSE     52              STSE,INJURY,COPPERFIELD,CPF,50.9125801835009,-113.952312263831,POINT (-113.952312263831 50.9125801835009),3,4,8,46
2015/12/11,9800 MACLEOD         TRS 500  SOUTHLAND       DRSW,INJURY,ACADIA,ACA,50.9649760173953,-114.071622300775,POINT (-114.071622300775 50.9649760173953),1,8,5,7
2013/12/08,6500 MARTINGROVE     DRNE5400 64              AVNE,INJURY,MARTINDALE,MRT,51.1105501032915,-113.952116229193,POINT (-113.95211622919301 51.1105501032915),4,9,1,119
2015/01/28,136   MARTINDALE      BVNE,INJURY,MARTINDALE,MRT,51.1144620734373,-113.955882655338,POINT (-113.955882655338 51.1144620734373),4,9,1,180
2011/11/29,3400 17              AVSW1700 33              STSW,INJURY,KILLARNEY/GLENGARRY,KIL,51.0377638616919,-114.135427143142,POINT (-114.13542714314201 51.0377638616919),1,14,2,182
2013/04/09,3000 26              AVSW2600 29              STSW,INJURY,KILLARNEY/GLENGARRY,KIL,51.030003349763,-114.129573775174,POINT (-114.129573775174 51.030003349763),1,14,2,182
2017/07/18,HERITAGE DR SE & HORTON RD SE,INJURY,ACADIA,ACA,50.9795148004305,-114.072863299944,POINT (-114.072863299944 50.9795148004305),1,8,5,195
2017/10/13,SOUTHLAND DR SE & FAIRMOUNT DR SE,INJURY,ACADIA,ACA,50.9641037008835,-114.058674300556,POINT (-114.058674300556 50.9641037008835),3,10,5,174
2016/05/30,MADIGAN DR NE & 52 ST NE,INJURY,MARLBOROUGH,MRL,51.0622598996605,-113.958207454241,POINT (-113.95820745424102 51.0622598996605),4,12,3,33
2010/12/26,500  HERITAGE        DRSW8300 HORTON          RDSW,INJURY,ACADIA,ACA,50.9795208801732,-114.072769685766,POINT (-114.072769685766 50.9795208801732),1,8,5,195
2011/09/12,6000 FALCONRIDGE     BVNE5600 64              AVNE,INJURY,MARTINDALE,MRT,51.1105659354762,-113.947132185938,POINT (-113.947132185938 51.1105659354762),4,9,1,119
2014/03/19,5600 NORTHLAND       DRNW5100 SHAGANAPPI      TRNW,INJURY,BRENTWOOD,BRE,51.1026248463159,-114.142727230769,POINT (-114.14272723076901 51.1026248463159),2,7,4,38
2012/05/02,3800 26              AVSW2600 37              STSW,PROPERTY DAMAGE ONLY,KILLARNEY/GLENGARRY,KIL,51.0299899762139,-114.141121187549,POINT (-114.141121187549 51.0299899762139),1,1,14,298
2013/07/03,3700 RICHMOND        RDSW3400 37              STSW,INJURY,KILLARNEY/GLENGARRY,KIL,51.0224115440272,-114.14116944763,POINT (-114.14116944763 51.02241154402721),1,1,14,142
2011/09/11,8600 BONAVENTURE     DRSE200  86              AVSE,PROPERTY DAMAGE ONLY,ACADIA,ACA,50.9758645605436,-114.06856331101,POINT (-114.06856331101 50.9758645605436),3,10,5,174
2015/11/05,3000 23              AVSW2200 29              STSW,PROPERTY DAMAGE ONLY,KILLARNEY/GLENGARRY,KIL,51.0331137964839,-114.129582448714,POINT (-114.129582448714 51.0331137964839),1,14,2,182
2009/12/11,METIS           TRNE     80              AVNE,INJURY,MARTINDALE,MRT,51.1251436195837,-113.969988442765,POINT (-113.969988442765 51.1251436195837),4,11,1,74
